id;name;created_at;bo2m_ownerdto_id
1;Concrete Investment Account Saint Lucia;2019-09-29T14:26:02;1
2;Brand;2019-09-29T04:56:05;2
3;Chilean Peso Unidades de fomento;2019-09-28T22:10:35;3
4;Auto Loan Account modular Refined;2019-09-29T08:21:02;4
5;mint green e-business EXE;2019-09-29T11:31:24;5
6;Fresh granular Direct;2019-09-29T12:46:35;6
7;withdrawal;2019-09-29T19:17:42;7
8;cutting-edge ability Hat;2019-09-29T06:29:22;8
9;Bedfordshire Bahamian Dollar;2019-09-29T12:50:30;9
10;User-centric Gloves;2019-09-29T14:03:26;10
